{
	"info": {
		"_postman_id": "b51d6b8f-0d5b-45b9-ad32-75d1a9c6331d",
		"name": "e2e",
		"schema": "https://schema.getpostman.com/json/collection/v2.1.0/collection.json"
	},
	"item": [
		{
			"name": "Kommit Local",
			"item": [
				{
					"name": "GetAllKommits",
					"request": {
						"method": "GET",
						"header": [
							{
								"key": "token",
								"value": "fff7ee3b-b2b6-4ca7-a83c-e29e58d5b684",
								"type": "text"
							}
						],
						"url": {
							"raw": "localhost:8080/kommit",
							"host": [
								"localhost"
							],
							"port": "8080",
							"path": [
								"kommit"
							]
						}
					},
					"response": []
				},
				{
					"name": "GetKommitByID",
					"request": {
						"method": "GET",
						"header": [
							{
								"key": "token",
								"value": "fff7ee3b-b2b6-4ca7-a83c-e29e58d5b684",
								"type": "text"
							}
						],
						"url": {
							"raw": "localhost:8080/kommit/:kommitID",
							"host": [
								"localhost"
							],
							"port": "8080",
							"path": [
								"kommit",
								":kommitID"
							],
							"variable": [
								{
									"key": "kommitID",
									"value": "7dabc591-815c-11ec-a92c-d85ed30193f8"
								}
							]
						}
					},
					"response": []
				},
				{
					"name": "CheckIn",
					"request": {
						"method": "POST",
						"header": [
							{
								"key": "token",
								"value": "fff7ee3b-b2b6-4ca7-a83c-e29e58d5b684",
								"type": "text"
							}
						],
						"body": {
							"mode": "raw",
							"raw": "{\n    \"latitude\": 41.76531309,\n    \"longitude\": 27.838211957,\n    \"date\": \"2022-01-31T13:30:00-07:00\"\n}",
							"options": {
								"raw": {
									"language": "json"
								}
							}
						},
						"url": {
							"raw": "localhost:8080/kommit/:kommitID/check-in",
							"host": [
								"localhost"
							],
							"port": "8080",
							"path": [
								"kommit",
								":kommitID",
								"check-in"
							],
							"variable": [
								{
									"key": "kommitID",
									"value": "7dabc591-815c-11ec-a92c-d85ed30193f8"
								}
							]
						}
					},
					"response": []
				},
				{
					"name": "CreateKommit",
					"request": {
						"method": "POST",
						"header": [
							{
								"key": "token",
								"value": "fff7ee3b-b2b6-4ca7-a83c-e29e58d5b684",
								"type": "text"
							}
						],
						"body": {
							"mode": "raw",
							"raw": "{\r\n        \"date\": \"2022-01-29T12:30:00-07:00\",\r\n        \"location_name\": \"ttest\",\r\n        \"latitude\": 40.76531309,\r\n        \"longitude\": 22.838211957,\r\n        \"bet\": 20,\r\n        \"organization_id\": \"027a16ee-8158-11ec-a92c-d85ed30193f8\",\r\n        \"user_id\": \"42b56c98-8154-11ec-a92c-d85ed30193f8\",\r\n        \"name\": \"tests\",\r\n        \"component\": 1,\r\n        \"days_of_the_week\": 1,\r\n        \"duration\": 14\r\n}",
							"options": {
								"raw": {
									"language": "json"
								}
							}
						},
						"url": {
							"raw": "localhost:8080/kommit",
							"host": [
								"localhost"
							],
							"port": "8080",
							"path": [
								"kommit"
							],
							"query": [
								{
									"key": "",
									"value": null,
									"disabled": true
								}
							]
						}
					},
					"response": []
				},
				{
					"name": "Login",
					"request": {
						"method": "POST",
						"header": [],
						"body": {
							"mode": "raw",
							"raw": "{\n    \"username\": \"test@test.com\",\n    \"password\": \"password\"\n}"
						},
						"url": {
							"raw": "localhost:8080/login",
							"host": [
								"localhost"
							],
							"port": "8080",
							"path": [
								"login"
							],
							"query": [
								{
									"key": "username",
									"value": "",
									"disabled": true
								},
								{
									"key": "password",
									"value": null,
									"disabled": true
								}
							]
						}
					},
					"response": []
				},
				{
					"name": "Register",
					"request": {
						"method": "POST",
						"header": [],
						"body": {
							"mode": "raw",
							"raw": "{\n    \"username\": \"tester@test.com\",\n    \"first\" : \"First\",\n    \"last\" : \"Last\",\n    \"address\" : \"200 s 200 e\",\n    \"phone\" : 1111111111,\n    \"password\": \"password\"\n}"
						},
						"url": {
							"raw": "localhost:8080/register",
							"host": [
								"localhost"
							],
							"port": "8080",
							"path": [
								"register"
							]
						}
					},
					"response": []
				},
				{
					"name": "GetOrganizations",
					"request": {
						"method": "GET",
						"header": [
							{
								"key": "token",
								"value": "fff7ee3b-b2b6-4ca7-a83c-e29e58d5b684",
								"type": "text"
							}
						],
						"url": {
							"raw": "localhost:8080/organization",
							"host": [
								"localhost"
							],
							"port": "8080",
							"path": [
								"organization"
							],
							"query": [
								{
									"key": "token",
									"value": "",
									"disabled": true
								}
							]
						}
					},
					"response": []
				},
				{
					"name": "GetOrganization",
					"request": {
						"method": "GET",
						"header": [
							{
								"key": "",
								"value": "fff7ee3b-b2b6-4ca7-a83c-e29e58d5b684",
								"type": "text"
							}
						],
						"url": {
							"raw": "localhost:8080/organization/:organizationID",
							"host": [
								"localhost"
							],
							"port": "8080",
							"path": [
								"organization",
								":organizationID"
							],
							"variable": [
								{
									"key": "organizationID",
									"value": "0285f3fe-8158-11ec-a92c-d85ed30193f8"
								}
							]
						}
					},
					"response": []
				},
				{
					"name": "CreateOrganization",
					"request": {
						"method": "POST",
						"header": [
							{
								"key": "token",
								"value": "fff7ee3b-b2b6-4ca7-a83c-e29e58d5b684",
								"type": "text"
							}
						],
						"body": {
							"mode": "raw",
							"raw": "{\n    \"label\": \"CreateTest\",\n    \"paypal_email\": \"test@paypal.com\"\n}",
							"options": {
								"raw": {
									"language": "json"
								}
							}
						},
						"url": {
							"raw": "localhost:8080/organization",
							"host": [
								"localhost"
							],
							"port": "8080",
							"path": [
								"organization"
							]
						}
					},
					"response": []
				}
			]
		}
	]
}